Workbook

Sheet 1_Executive_Dashboard
B2: LOGISTICS PERFORMANCE DASHBOARD
B5: Q1 2026 | Prepared by: Fachri Rizki Fadillah
B7: TOTAL TRIP | E7: ON-TIME DELIVERY | H7: TOTAL BIAYA BBM | K7: TOTAL BONUS DRIVER
B8: =COUNTA('3_Data_Transaksi'!A:A)-1 -> 150 | E8: =IF(COUNTA('3_Data_Transaksi'!A:A)>1,COUNTIF('3_Data_Transaksi'!I:I,"On-Time (Tepat Waktu)")/(COUNTA('3_Data_Transaksi'!A:A)-1),0) -> 0.70666667 | H8: =SUM('3_Data_Transaksi'!H:H) -> 304674000 | K8: =SUM('3_Data_Transaksi'!L:L) -> 3760000
B12: ANALISIS VOLUME & BIAYA PER RUTE (SUMIF)
B14: Kode Kota | C14: Total Trip | D14: Total Biaya BBM | E14: Total Volume
B15: BDG | C15: =COUNTIF('3_Data_Transaksi'!$C:$C,B15) -> 18 | D15: =SUMIF('3_Data_Transaksi'!$C:$C,B15,'3_Data_Transaksi'!$H:$H) -> 7956000 | E15: =SUMIF('3_Data_Transaksi'!$C:$C,B15,'3_Data_Transaksi'!$J:$J) -> 79168
B16: BKT | C16: =COUNTIF('3_Data_Transaksi'!$C:$C,B16) -> 26 | D16: =SUMIF('3_Data_Transaksi'!$C:$C,B16,'3_Data_Transaksi'!$H:$H) -> 212160000 | E16: =SUMIF('3_Data_Transaksi'!$C:$C,B16,'3_Data_Transaksi'!$J:$J) -> 114062
B17: BGR | C17: =COUNTIF('3_Data_Transaksi'!$C:$C,B17) -> 15 | D17: =SUMIF('3_Data_Transaksi'!$C:$C,B17,'3_Data_Transaksi'!$H:$H) -> 8160000 | E17: =SUMIF('3_Data_Transaksi'!$C:$C,B17,'3_Data_Transaksi'!$J:$J) -> 69087
B18: JKT | C18: =COUNTIF('3_Data_Transaksi'!$C:$C,B18) -> 12 | D18: =SUMIF('3_Data_Transaksi'!$C:$C,B18,'3_Data_Transaksi'!$H:$H) -> 8976000 | E18: =SUMIF('3_Data_Transaksi'!$C:$C,B18,'3_Data_Transaksi'!$J:$J) -> 55353
B19: GRT | C19: =COUNTIF('3_Data_Transaksi'!$C:$C,B19) -> 14 | D19: =SUMIF('3_Data_Transaksi'!$C:$C,B19,'3_Data_Transaksi'!$H:$H) -> 12376000 | E19: =SUMIF('3_Data_Transaksi'!$C:$C,B19,'3_Data_Transaksi'!$J:$J) -> 51866
B20: SMI | C20: =COUNTIF('3_Data_Transaksi'!$C:$C,B20) -> 21 | D20: =SUMIF('3_Data_Transaksi'!$C:$C,B20,'3_Data_Transaksi'!$H:$H) -> 6426000 | E20: =SUMIF('3_Data_Transaksi'!$C:$C,B20,'3_Data_Transaksi'!$J:$J) -> 97710
B21: TSK | C21: =COUNTIF('3_Data_Transaksi'!$C:$C,B21) -> 13 | D21: =SUMIF('3_Data_Transaksi'!$C:$C,B21,'3_Data_Transaksi'!$H:$H) -> 14144000 | E21: =SUMIF('3_Data_Transaksi'!$C:$C,B21,'3_Data_Transaksi'!$J:$J) -> 44136
B22: CRB | C22: =COUNTIF('3_Data_Transaksi'!$C:$C,B22) -> 17 | D22: =SUMIF('3_Data_Transaksi'!$C:$C,B22,'3_Data_Transaksi'!$H:$H) -> 25432000 | E22: =SUMIF('3_Data_Transaksi'!$C:$C,B22,'3_Data_Transaksi'!$J:$J) -> 85092
B23: PWK | C23: =COUNTIF('3_Data_Transaksi'!$C:$C,B23) -> 14 | D23: =SUMIF('3_Data_Transaksi'!$C:$C,B23,'3_Data_Transaksi'!$H:$H) -> 9044000 | E23: =SUMIF('3_Data_Transaksi'!$C:$C,B23,'3_Data_Transaksi'!$J:$J) -> 49321
B32: Status Pengiriman | C32: Jumlah
B33: On-Time (Tepat Waktu) | C33: =COUNTIF('3_Data_Transaksi'!I:I,B33) -> 106
B34: Late (Terlambat) | C34: =COUNTIF('3_Data_Transaksi'!I:I,B34) -> 22
B35: Failed (Gagal Kirim) | C35: =COUNTIF('3_Data_Transaksi'!I:I,B35) -> 22

Sheet 2_Master_Data
A1: MASTER RUTE & TARIF (VLOOKUP REF) | G1: MASTER STATUS (HLOOKUP REF)
A2: Kode_Tujuan | B2: Kota Tujuan | C2: Jarak (KM) | D2: Tarif BBM/KM | G2: KODE_SLA | H2: A | I2: B | J2: C
A3: BDG | B3: Bandung | C3: 65 | D3: 6800 | G3: Deskripsi | H3: On-Time (Tepat Waktu) | I3: Late (Terlambat) | J3: Failed (Gagal Kirim)
A4: BKT | B4: Bukittinggi | C4: 1200 | D4: 6800
A5: BGR | B5: Bogor | C5: 80 | D5: 6800
A6: JKT | B6: Jakarta | C6: 110 | D6: 6800
A7: GRT | B7: Garut | C7: 130 | D7: 6800
A8: SMI | B8: Sukabumi | C8: 45 | D8: 6800
A9: TSK | B9: Tasikmalaya | C9: 160 | D9: 6800
A10: CRB | B10: Cirebon | C10: 220 | D10: 6800
A11: PWK | B11: Purwakarta | C11: 95 | D11: 6800

Sheet 3_Data_Transaksi
A1: ID_Kirim | B1: Tgl | C1: Kode_Tujuan | D1: Kode_SLA | E1: Kota_Tujuan | F1: Jarak | G1: Tarif_BBM | H1: Total_BBM | I1: Status | J1: Volume_Muatan | K1: Kategori_Rute (IF) | L1: Bonus_Driver (IF Bertingkat)
A2: TRX-26000 | B2: 2026-01-20 | C2: SMI | D2: A | E2: =IFERROR(VLOOKUP(C2,'2_Master_Data'!$A:$D,2,FALSE),"Tidak Ditemukan") -> Sukabumi | F2: =IFERROR(VLOOKUP(C2,'2_Master_Data'!$A:$D,3,FALSE),0) -> 45 | G2: =IFERROR(VLOOKUP(C2,'2_Master_Data'!$A:$D,4,FALSE),0) -> 6800 | H2: =F2*G2 -> 306000 | I2: =IFERROR(HLOOKUP(D2,'2_Master_Data'!$H$2:$Z$3,2,FALSE),"Tidak Ditemukan") -> On-Time (Tepat Waktu) | J2: 4730 | K2: =IF(F2>100,"Jarak Jauh","Jarak Dekat") -> Jarak Dekat | L2: =IF(I2="On-Time (Tepat Waktu)",50000,IF(I2="Late (Terlambat)",-20000,IF(I2="Failed (Gagal Kirim)",-50000,0))) -> 50000
A3: TRX-26001 | B3: 2026-02-04 | C3: BKT | D3: B | E3: =IFERROR(VLOOKUP(C3,'2_Master_Data'!$A:$D,2,FALSE),"Tidak Ditemukan") -> Bukittinggi | F3: =IFERROR(VLOOKUP(C3,'2_Master_Data'!$A:$D,3,FALSE),0) -> 1200 | G3: =IFERROR(VLOOKUP(C3,'2_Master_Data'!$A:$D,4,FALSE),0) -> 6800 | H3: =F3*G3 -> 8160000 | I3: =IFERROR(HLOOKUP(D3,'2_Master_Data'!$H$2:$Z$3,2,FALSE),"Tidak Ditemukan") -> Late (Terlambat) | J3: 4783 | K3: =IF(F3>100,"Jarak Jauh","Jarak Dekat") -> Jarak Jauh | L3: =IF(I3="On-Time (Tepat Waktu)",50000,IF(I3="Late (Terlambat)",-20000,IF(I3="Failed (Gagal Kirim)",-50000,0))) -> -20000
A4: TRX-26002 | B4: 2026-01-03 | C4: BKT | D4: A | E4: =IFERROR(VLOOKUP(C4,'2_Master_Data'!$A:$D,2,FALSE),"Tidak Ditemukan") -> Bukittinggi | F4: =IFERROR(VLOOKUP(C4,'2_Master_Data'!$A:$D,3,FALSE),0) -> 1200 | G4: =IFERROR(VLOOKUP(C4,'2_Master_Data'!$A:$D,4,FALSE),0) -> 6800 | H4: =F4*G4 -> 8160000 | I4: =IFERROR(HLOOKUP(D4,'2_Master_Data'!$H$2:$Z$3,2,FALSE),"Tidak Ditemukan") -> On-Time (Tepat Waktu) | J4: 5205 | K4: =IF(F4>100,"Jarak Jauh","Jarak Dekat") -> Jarak Jauh | L4: =IF(I4="On-Time (Tepat Waktu)",50000,IF(I4="Late (Terlambat)",-20000,IF(I4="Failed (Gagal Kirim)",-50000,0))) -> 50000
A5: TRX-26003 | B5: 2026-01-19 | C5: TSK | D5: A | E5: =IFERROR(VLOOKUP(C5,'2_Master_Data'!$A:$D,2,FALSE),"Tidak Ditemukan") -> Tasikmalaya | F5: =IFERROR(VLOOKUP(C5,'2_Master_Data'!$A:$D,3,FALSE),0) -> 160 | G5: =IFERROR(VLOOKUP(C5,'2_Master_Data'!$A:$D,4,FALSE),0) -> 6800 | H5: =F5*G5 -> 1088000 | I5: =IFERROR(HLOOKUP(D5,'2_Master_Data'!$H$2:$Z$3,2,FALSE),"Tidak Ditemukan") -> On-Time (Tepat Waktu) | J5: 1518 | K5: =IF(F5>100,"Jarak Jauh","Jarak Dekat") -> Jarak Jauh | L5: =IF(I5="On-Time (Tepat Waktu)",50000,IF(I5="Late (Terlambat)",-20000,IF(I5="Failed (Gagal Kirim)",-50000,0))) -> 50000
A6: TRX-26004 | B6: 2026-03-05 | C6: SMI | D6: A | E6: =IFERROR(VLOOKUP(C6,'2_Master_Data'!$A:$D,2,FALSE),"Tidak Ditemukan") -> Sukabumi | F6: =IFERROR(VLOOKUP(C6,'2_Master_Data'!$A:$D,3,FALSE),0) -> 45 | G6: =IFERROR(VLOOKUP(C6,'2_Master_Data'!$A:$D,4,FALSE),0) -> 6800 | H6: =F6*G6 -> 306000 | I6: =IFERROR(HLOOKUP(D6,'2_Master_Data'!$H$2:$Z$3,2,FALSE),"Tidak Ditemukan") -> On-Time (Tepat Waktu) | J6: 7403 | K6: =IF(F6>100,"Jarak Jauh","Jarak Dekat") -> Jarak Dekat | L6: =IF(I6="On-Time (Tepat Waktu)",50000,IF(I6="Late (Terlambat)",-20000,IF(I6="Failed (Gagal Kirim)",-50000,0))) -> 50000
A7: TRX-26005 | B7: 2026-02-06 | C7: BKT | D7: B | E7: =IFERROR(VLOOKUP(C7,'2_Master_Data'!$A:$D,2,FALSE),"Tidak Ditemukan") -> Bukittinggi | F7: =IFERROR(VLOOKUP(C7,'2_Master_Data'!$A:$D,3,FALSE),0) -> 1200 | G7: =IFERROR(VLOOKUP(C7,'2_Master_Data'!$A:$D,4,FALSE),0) -> 6800 | H7: =F7*G7 -> 8160000 | I7: =IFERROR(HLOOKUP(D7,'2_Master_Data'!$H$2:$Z$3,2,FALSE),"Tidak Ditemukan") -> Late (Terlambat) | J7: 3759 | K7: =IF(F7>100,"Jarak Jauh","Jarak Dekat") -> Jarak Jauh | L7: =IF(I7="On-Time (Tepat Waktu)",50000,IF(I7="Late (Terlambat)",-20000,IF(I7="Failed (Gagal Kirim)",-50000,0))) -> -20000
A8: TRX-26006 | B8: 2026-03-01 | C8: BKT | D8: A | E8: =IFERROR(VLOOKUP(C8,'2_Master_Data'!$A:$D,2,FALSE),"Tidak Ditemukan") -> Bukittinggi | F8: =IFERROR(VLOOKUP(C8,'2_Master_Data'!$A:$D,3,FALSE),0) -> 1200 | G8: =IFERROR(VLOOKUP(C8,'2_Master_Data'!$A:$D,4,FALSE),0) -> 6800 | H8: =F8*G8 -> 8160000 | I8: =IFERROR(HLOOKUP(D8,'2_Master_Data'!$H$2:$Z$3,2,FALSE),"Tidak Ditemukan") -> On-Time (Tepat Waktu) | J8: 3075 | K8: =IF(F8>100,"Jarak Jauh","Jarak Dekat") -> Jarak Jauh | L8: =IF(I8="On-Time (Tepat Waktu)",50000,IF(I8="Late (Terlambat)",-20000,IF(I8="Failed (Gagal Kirim)",-50000,0))) -> 50000
A9: TRX-26007 | B9: 2026-01-17 | C9: GRT | D9: A | E9: =IFERROR(VLOOKUP(C9,'2_Master_Data'!$A:$D,2,FALSE),"Tidak Ditemukan") -> Garut | F9: =IFERROR(VLOOKUP(C9,'2_Master_Data'!$A:$D,3,FALSE),0) -> 130 | G9: =IFERROR(VLOOKUP(C9,'2_Master_Data'!$A:$D,4,FALSE),0) -> 6800 | H9: =F9*G9 -> 884000 | I9: =IFERROR(HLOOKUP(D9,'2_Master_Data'!$H$2:$Z$3,2,FALSE),"Tidak Ditemukan") -> On-Time (Tepat Waktu) | J9: 5101 | K9: =IF(F9>100,"Jarak Jauh","Jarak Dekat") -> Jarak Jauh | L9: =IF(I9="On-Time (Tepat Waktu)",50000,IF(I9="Late (Terlambat)",-20000,IF(I9="Failed (Gagal Kirim)",-50000,0))) -> 50000
A10: TRX-26008 | B10: 2026-03-28 | C10: GRT | D10: A | E10: =IFERROR(VLOOKUP(C10,'2_Master_Data'!$A:$D,2,FALSE),"Tidak Ditemukan") -> Garut | F10: =IFERROR(VLOOKUP(C10,'2_Master_Data'!$A:$D,3,FALSE),0) -> 130 | G10: =IFERROR(VLOOKUP(C10,'2_Master_Data'!$A:$D,4,FALSE),0) -> 6800 | H10: =F10*G10 -> 884000 | I10: =IFERROR(HLOOKUP(D10,'2_Master_Data'!$H$2:$Z$3,2,FALSE),"Tidak Ditemukan") -> On-Time (Tepat Waktu) | J10: 4410 | K10: =IF(F10>100,"Jarak Jauh","Jarak Dekat") -> Jarak Jauh | L10: =IF(I10="On-Time (Tepat Waktu)",50000,IF(I10="Late (Terlambat)",-20000,IF(I10="Failed (Gagal Kirim)",-50000,0))) -> 50000
A11: TRX-26009 | B11: 2026-02-27 | C11: JKT | D11: A | E11: =IFERROR(VLOOKUP(C11,'2_Master_Data'!$A:$D,2,FALSE),"Tidak Ditemukan") -> Jakarta | F11: =IFERROR(VLOOKUP(C11,'2_Master_Data'!$A:$D,3,FALSE),0) -> 110 | G11: =IFERROR(VLOOKUP(C11,'2_Master_Data'!$A:$D,4,FALSE),0) -> 6800 | H11: =F11*G11 -> 748000 | I11: =IFERROR(HLOOKUP(D11,'2_Master_Data'!$H$2:$Z$3,2,FALSE),"Tidak Ditemukan") -> On-Time (Tepat Waktu) | J11: 2009 | K11: =IF(F11>100,"Jarak Jauh","Jarak Dekat") -> Jarak Jauh | L11: =IF(I11="On-Time (Tepat Waktu)",50000,IF(I11="Late (Terlambat)",-20000,IF(I11="Failed (Gagal Kirim)",-50000,0))) -> 50000
A12: TRX-26010 | B12: 2026-01-28 | C12: TSK | D12: A | E12: =IFERROR(VLOOKUP(C12,'2_Master_Data'!$A:$D,2,FALSE),"Tidak Ditemukan") -> Tasikmalaya | F12: =IFERROR(VLOOKUP(C12,'2_Master_Data'!$A:$D,3,FALSE),0) -> 160 | G12: =IFERROR(VLOOKUP(C12,'2_Master_Data'!$A:$D,4,FALSE),0) -> 6800 | H12: =F12*G12 -> 1088000 | I12: =IFERROR(HLOOKUP(D12,'2_Master_Data'!$H$2:$Z$3,2,FALSE),"Tidak Ditemukan") -> On-Time (Tepat Waktu) | J12: 3220 | K12: =IF(F12>100,"Jarak Jauh","Jarak Dekat") -> Jarak Jauh | L12: =IF(I12="On-Time (Tepat Waktu)",50000,IF(I12="Late (Terlambat)",-20000,IF(I12="Failed (Gagal Kirim)",-50000,0))) -> 50000
A13: TRX-26011 | B13: 2026-01-11 | C13: JKT | D13: A | E13: =IFERROR(VLOOKUP(C13,'2_Master_Data'!$A:$D,2,FALSE),"Tidak Ditemukan") -> Jakarta | F13: =IFERROR(VLOOKUP(C13,'2_Master_Data'!$A:$D,3,FALSE),0) -> 110 | G13: =IFERROR(VLOOKUP(C13,'2_Master_Data'!$A:$D,4,FALSE),0) -> 6800 | H13: =F13*G13 -> 748000 | I13: =IFERROR(HLOOKUP(D13,'2_Master_Data'!$H$2:$Z$3,2,FALSE),"Tidak Ditemukan") -> On-Time (Tepat Waktu) | J13: 7687 | K13: =IF(F13>100,"Jarak Jauh","Jarak Dekat") -> Jarak Jauh | L13: =IF(I13="On-Time (Tepat Waktu)",50000,IF(I13="Late (Terlambat)",-20000,IF(I13="Failed (Gagal Kirim)",-50000,0))) -> 50000
... A151: TRX-26149 | B151: 2026-02-21 | C151: GRT | D151: A | E151: =IFERROR(VLOOKUP(C151,'2_Master_Data'!$A:$D,2,FALSE),"Tidak Ditemukan") -> Garut | F151: =IFERROR(VLOOKUP(C151,'2_Master_Data'!$A:$D,3,FALSE),0) -> 130 | G151: =IFERROR(VLOOKUP(C151,'2_Master_Data'!$A:$D,4,FALSE),0) -> 6800 | H151: =F151*G151 -> 884000 | I151: =IFERROR(HLOOKUP(D151,'2_Master_Data'!$H$2:$Z$3,2,FALSE),"Tidak Ditemukan") -> On-Time (Tepat Waktu) | J151: 6072 | K151: =IF(F151>100,"Jarak Jauh","Jarak Dekat") -> Jarak Jauh | L151: =IF(I151="On-Time (Tepat Waktu)",50000,IF(I151="Late (Terlambat)",-20000,IF(I151="Failed (Gagal Kirim)",-50000,0))) -> 50000
